{
    "cameras": [
        {
            "name": "Camera",
            "transformation": [
                [
                    -0.8831796050071716,
                    0.3467244505882263,
                    0.3158736228942871,
                    0.47381046414375305
                ],
                [
                    0.46903517842292786,
                    0.6528720259666443,
                    0.5947808027267456,
                    0.8921712040901184
                ],
                [
                    -1.2476603750144477e-08,
                    0.6734540462493896,
                    -0.7392292022705078,
                    -1.1088436841964722
                ],
                [
                    0.0,
                    0.0,
                    0.0,
                    1.0
                ]
            ],
            "sensor_width": 32.0,
            "focal_length": 35.0,
            "resolution": [
                512,
                512
            ]
        }
    ]
}