{
    "cameras": [
        {
            "name": "Camera",
            "transformation": [
                [
                    0.9371729493141174,
                    0.20808649063110352,
                    -0.2800123691558838,
                    -0.4200185537338257
                ],
                [
                    -0.34886518120765686,
                    0.5589925050735474,
                    -0.7522104382514954,
                    -1.1283155679702759
                ],
                [
                    -1.1642251607213439e-09,
                    0.8026378154754639,
                    0.5964667797088623,
                    0.8947001695632935
                ],
                [
                    0.0,
                    0.0,
                    0.0,
                    1.0
                ]
            ],
            "sensor_width": 32.0,
            "focal_length": 35.0,
            "resolution": [
                512,
                512
            ]
        }
    ]
}