{
    "cameras": [
        {
            "name": "Camera",
            "transformation": [
                [
                    0.995688796043396,
                    -0.014413392171263695,
                    0.09163017570972443,
                    0.13744524121284485
                ],
                [
                    0.09275685995817184,
                    0.15471889078617096,
                    -0.9835946559906006,
                    -1.4753917455673218
                ],
                [
                    7.118742928469146e-09,
                    0.987853467464447,
                    0.15538880228996277,
                    0.23308345675468445
                ],
                [
                    0.0,
                    0.0,
                    0.0,
                    1.0
                ]
            ],
            "sensor_width": 32.0,
            "focal_length": 35.0,
            "resolution": [
                512,
                512
            ]
        }
    ]
}