{
    "cameras": [
        {
            "name": "Camera",
            "transformation": [
                [
                    -0.09849370270967484,
                    -0.15457269549369812,
                    -0.9830596446990967,
                    -1.474589467048645
                ],
                [
                    -0.9951376914978027,
                    0.015298793092370033,
                    0.097298264503479,
                    0.1459473818540573
                ],
                [
                    -1.59640940466943e-08,
                    0.9878629446029663,
                    -0.1553279608488083,
                    -0.23299194872379303
                ],
                [
                    0.0,
                    0.0,
                    0.0,
                    1.0
                ]
            ],
            "sensor_width": 32.0,
            "focal_length": 35.0,
            "resolution": [
                512,
                512
            ]
        }
    ]
}