{
    "cameras": [
        {
            "name": "Camera",
            "transformation": [
                [
                    0.9670589566230774,
                    -0.23821760714054108,
                    -0.08971809595823288,
                    -0.13457714021205902
                ],
                [
                    -0.2545524835586548,
                    -0.9050019383430481,
                    -0.340844064950943,
                    -0.5112660527229309
                ],
                [
                    6.713535061209086e-09,
                    0.352454274892807,
                    -0.9358291029930115,
                    -1.4037436246871948
                ],
                [
                    0.0,
                    0.0,
                    0.0,
                    1.0
                ]
            ],
            "sensor_width": 32.0,
            "focal_length": 35.0,
            "resolution": [
                512,
                512
            ]
        }
    ]
}