{
    "cameras": [
        {
            "name": "Camera",
            "transformation": [
                [
                    0.8531678318977356,
                    0.2521573305130005,
                    -0.45664137601852417,
                    -0.6849620342254639
                ],
                [
                    -0.5216365456581116,
                    0.4124184548854828,
                    -0.746864378452301,
                    -1.1202964782714844
                ],
                [
                    5.98292793085875e-09,
                    0.8754014372825623,
                    0.48339661955833435,
                    0.7250950932502747
                ],
                [
                    0.0,
                    0.0,
                    0.0,
                    1.0
                ]
            ],
            "sensor_width": 32.0,
            "focal_length": 35.0,
            "resolution": [
                512,
                512
            ]
        }
    ]
}