{
    "cameras": [
        {
            "name": "Camera",
            "transformation": [
                [
                    -0.7764800786972046,
                    0.24954667687416077,
                    0.5786235928535461,
                    0.8679354786872864
                ],
                [
                    0.6301419138908386,
                    0.3074990212917328,
                    0.7129976153373718,
                    1.0694962739944458
                ],
                [
                    -3.4271657511908415e-08,
                    0.9182433485984802,
                    -0.3960167467594147,
                    -0.5940250158309937
                ],
                [
                    0.0,
                    0.0,
                    0.0,
                    1.0
                ]
            ],
            "sensor_width": 32.0,
            "focal_length": 35.0,
            "resolution": [
                512,
                512
            ]
        }
    ]
}