{
    "cameras": [
        {
            "name": "Camera",
            "transformation": [
                [
                    0.42229190468788147,
                    0.5584589838981628,
                    0.713998019695282,
                    1.070996880531311
                ],
                [
                    0.9064599275588989,
                    -0.26016899943351746,
                    -0.33262985944747925,
                    -0.4989447593688965
                ],
                [
                    -3.235486190078518e-08,
                    0.7876774668693542,
                    -0.6160879731178284,
                    -0.9241319298744202
                ],
                [
                    0.0,
                    0.0,
                    0.0,
                    1.0
                ]
            ],
            "sensor_width": 32.0,
            "focal_length": 35.0,
            "resolution": [
                512,
                512
            ]
        }
    ]
}