{
    "cameras": [
        {
            "name": "Camera",
            "transformation": [
                [
                    -0.9526559710502625,
                    0.22475026547908783,
                    0.2047794908285141,
                    0.307169109582901
                ],
                [
                    0.3040515184402466,
                    0.7041885256767273,
                    0.64161616563797,
                    0.9624239802360535
                ],
                [
                    -8.601230838678475e-10,
                    0.6735027432441711,
                    -0.7391851544380188,
                    -1.1087772846221924
                ],
                [
                    0.0,
                    0.0,
                    0.0,
                    1.0
                ]
            ],
            "sensor_width": 32.0,
            "focal_length": 35.0,
            "resolution": [
                512,
                512
            ]
        }
    ]
}