{
    "cameras": [
        {
            "name": "Camera",
            "transformation": [
                [
                    0.7019824385643005,
                    0.6102599501609802,
                    -0.3671559691429138,
                    -0.5507339239120483
                ],
                [
                    -0.7121942639350891,
                    0.601509690284729,
                    -0.3618914783000946,
                    -0.5428372621536255
                ],
                [
                    8.452114563795021e-09,
                    0.5155278444290161,
                    0.8568728566169739,
                    1.2853091955184937
                ],
                [
                    0.0,
                    0.0,
                    0.0,
                    1.0
                ]
            ],
            "sensor_width": 32.0,
            "focal_length": 35.0,
            "resolution": [
                512,
                512
            ]
        }
    ]
}