{
    "cameras": [
        {
            "name": "Camera",
            "transformation": [
                [
                    0.9025411009788513,
                    0.008853089064359665,
                    0.4305126965045929,
                    0.6457691192626953
                ],
                [
                    0.4306037127971649,
                    -0.018555978313088417,
                    -0.9023503661155701,
                    -1.3535255193710327
                ],
                [
                    -1.3805367515828948e-08,
                    0.9997886419296265,
                    -0.020559707656502724,
                    -0.030839473009109497
                ],
                [
                    0.0,
                    0.0,
                    0.0,
                    1.0
                ]
            ],
            "sensor_width": 32.0,
            "focal_length": 35.0,
            "resolution": [
                512,
                512
            ]
        }
    ]
}