{
    "cameras": [
        {
            "name": "Camera",
            "transformation": [
                [
                    0.8751951456069946,
                    0.3545225262641907,
                    0.32916155457496643,
                    0.49374228715896606
                ],
                [
                    0.48377013206481934,
                    -0.6413718461990356,
                    -0.5954907536506653,
                    -0.893235981464386
                ],
                [
                    1.4681303284191927e-08,
                    0.6804091334342957,
                    -0.7328329682350159,
                    -1.0992488861083984
                ],
                [
                    0.0,
                    0.0,
                    0.0,
                    1.0
                ]
            ],
            "sensor_width": 32.0,
            "focal_length": 35.0,
            "resolution": [
                512,
                512
            ]
        }
    ]
}