{
    "cameras": [
        {
            "name": "Camera",
            "transformation": [
                [
                    -0.6093853116035461,
                    -0.5484722256660461,
                    0.572562575340271,
                    0.8588437438011169
                ],
                [
                    0.7928743362426758,
                    -0.4215433895587921,
                    0.4400586783885956,
                    0.6600880026817322
                ],
                [
                    -3.7016832266090205e-08,
                    0.7221354246139526,
                    0.6917517781257629,
                    1.0376276969909668
                ],
                [
                    0.0,
                    0.0,
                    0.0,
                    1.0
                ]
            ],
            "sensor_width": 32.0,
            "focal_length": 35.0,
            "resolution": [
                512,
                512
            ]
        }
    ]
}