{
    "cameras": [
        {
            "name": "Camera",
            "transformation": [
                [
                    0.9067715406417847,
                    0.04992219805717468,
                    0.4186563193798065,
                    0.6279844045639038
                ],
                [
                    0.42162227630615234,
                    -0.10736645758152008,
                    -0.9003928303718567,
                    -1.3505891561508179
                ],
                [
                    2.0133498424002028e-08,
                    0.9929654598236084,
                    -0.11840517073869705,
                    -0.17760762572288513
                ],
                [
                    0.0,
                    0.0,
                    0.0,
                    1.0
                ]
            ],
            "sensor_width": 32.0,
            "focal_length": 35.0,
            "resolution": [
                512,
                512
            ]
        }
    ]
}