{
    "cameras": [
        {
            "name": "Camera",
            "transformation": [
                [
                    -0.30274203419685364,
                    -0.46564093232154846,
                    -0.8315802812576294,
                    -1.2473703622817993
                ],
                [
                    -0.9530725479125977,
                    0.14791010320186615,
                    0.2641502022743225,
                    0.396225243806839
                ],
                [
                    -7.427871651088935e-09,
                    0.8725257515907288,
                    -0.4885682165622711,
                    -0.7328523993492126
                ],
                [
                    0.0,
                    0.0,
                    0.0,
                    1.0
                ]
            ],
            "sensor_width": 32.0,
            "focal_length": 35.0,
            "resolution": [
                512,
                512
            ]
        }
    ]
}