{
    "cameras": [
        {
            "name": "Camera",
            "transformation": [
                [
                    -0.9661669135093689,
                    0.21383553743362427,
                    -0.1442076563835144,
                    -0.2163114696741104
                ],
                [
                    -0.257917582988739,
                    -0.8010342121124268,
                    0.5402061939239502,
                    0.8103092312812805
                ],
                [
                    1.0775668357609902e-08,
                    0.5591230392456055,
                    0.8290846943855286,
                    1.2436270713806152
                ],
                [
                    0.0,
                    0.0,
                    0.0,
                    1.0
                ]
            ],
            "sensor_width": 32.0,
            "focal_length": 35.0,
            "resolution": [
                512,
                512
            ]
        }
    ]
}