{
    "cameras": [
        {
            "name": "Camera",
            "transformation": [
                [
                    -0.9700145721435547,
                    0.18690578639507294,
                    0.1553664356470108,
                    0.23304961621761322
                ],
                [
                    0.24304835498332977,
                    0.7459472417831421,
                    0.6200728416442871,
                    0.9301091432571411
                ],
                [
                    4.328428282462937e-09,
                    0.6392409801483154,
                    -0.7690069675445557,
                    -1.1535098552703857
                ],
                [
                    0.0,
                    0.0,
                    0.0,
                    1.0
                ]
            ],
            "sensor_width": 32.0,
            "focal_length": 35.0,
            "resolution": [
                512,
                512
            ]
        }
    ]
}