{
    "cameras": [
        {
            "name": "Camera",
            "transformation": [
                [
                    -0.4141574501991272,
                    -0.23643343150615692,
                    -0.8789613246917725,
                    -1.3184418678283691
                ],
                [
                    -0.9102053642272949,
                    0.1075807437300682,
                    0.3999408781528473,
                    0.5999112129211426
                ],
                [
                    -2.7635447708007632e-08,
                    0.9656737446784973,
                    -0.2597584128379822,
                    -0.3896375596523285
                ],
                [
                    0.0,
                    0.0,
                    0.0,
                    1.0
                ]
            ],
            "sensor_width": 32.0,
            "focal_length": 35.0,
            "resolution": [
                512,
                512
            ]
        }
    ]
}