{
    "cameras": [
        {
            "name": "Camera",
            "transformation": [
                [
                    -0.4286148250102997,
                    0.4683307409286499,
                    0.7726290822029114,
                    1.1589436531066895
                ],
                [
                    0.9034873247146606,
                    0.22217631340026855,
                    0.36653560400009155,
                    0.5498034358024597
                ],
                [
                    9.548820401050762e-09,
                    0.8551631569862366,
                    -0.5183589458465576,
                    -0.7775383591651917
                ],
                [
                    0.0,
                    0.0,
                    0.0,
                    1.0
                ]
            ],
            "sensor_width": 32.0,
            "focal_length": 35.0,
            "resolution": [
                512,
                512
            ]
        }
    ]
}