{
    "cameras": [
        {
            "name": "Camera",
            "transformation": [
                [
                    0.9645767211914062,
                    -0.0500757209956646,
                    -0.25900617241859436,
                    -0.38850924372673035
                ],
                [
                    -0.26380252838134766,
                    -0.18309862911701202,
                    -0.9470391273498535,
                    -1.4205586910247803
                ],
                [
                    -1.4558327876557087e-09,
                    0.9818183779716492,
                    -0.18982277810573578,
                    -0.2847342789173126
                ],
                [
                    0.0,
                    0.0,
                    0.0,
                    1.0
                ]
            ],
            "sensor_width": 32.0,
            "focal_length": 35.0,
            "resolution": [
                512,
                512
            ]
        }
    ]
}