{
    "cameras": [
        {
            "name": "Camera",
            "transformation": [
                [
                    0.9989992380142212,
                    -0.025870950892567635,
                    0.036486297845840454,
                    0.054729439318180084
                ],
                [
                    0.04472757503390312,
                    0.577832818031311,
                    -0.8149286508560181,
                    -1.2223929166793823
                ],
                [
                    -2.653501418592441e-09,
                    0.8157450556755066,
                    0.5784116983413696,
                    0.8676175475120544
                ],
                [
                    0.0,
                    0.0,
                    0.0,
                    1.0
                ]
            ],
            "sensor_width": 32.0,
            "focal_length": 35.0,
            "resolution": [
                512,
                512
            ]
        }
    ]
}