{
    "cameras": [
        {
            "name": "Camera",
            "transformation": [
                [
                    -0.8277899026870728,
                    -0.2884625196456909,
                    -0.4811999797821045,
                    -0.721799910068512
                ],
                [
                    -0.5610383749008179,
                    0.42561501264572144,
                    0.709991455078125,
                    1.0649871826171875
                ],
                [
                    2.360851780736084e-08,
                    0.8576953411102295,
                    -0.5141583681106567,
                    -0.7712374329566956
                ],
                [
                    0.0,
                    0.0,
                    0.0,
                    1.0
                ]
            ],
            "sensor_width": 32.0,
            "focal_length": 35.0,
            "resolution": [
                512,
                512
            ]
        }
    ]
}