{
    "cameras": [
        {
            "name": "Camera",
            "transformation": [
                [
                    0.5690866708755493,
                    -0.7462670803070068,
                    0.3452908992767334,
                    0.5179364085197449
                ],
                [
                    0.8222775459289551,
                    0.5164808630943298,
                    -0.23897098004817963,
                    -0.3584565222263336
                ],
                [
                    2.3295049444982396e-08,
                    0.4199201762676239,
                    0.9075610637664795,
                    1.3613415956497192
                ],
                [
                    0.0,
                    0.0,
                    0.0,
                    1.0
                ]
            ],
            "sensor_width": 32.0,
            "focal_length": 35.0,
            "resolution": [
                512,
                512
            ]
        }
    ]
}