{
    "cameras": [
        {
            "name": "Camera",
            "transformation": [
                [
                    -0.9999138116836548,
                    -0.013001968152821064,
                    0.0018848859472200274,
                    0.002827329095453024
                ],
                [
                    0.013137883506715298,
                    -0.9895694255828857,
                    0.14345715939998627,
                    0.2151857614517212
                ],
                [
                    -9.586048621557097e-11,
                    0.14346954226493835,
                    0.9896547198295593,
                    1.4844820499420166
                ],
                [
                    0.0,
                    0.0,
                    0.0,
                    1.0
                ]
            ],
            "sensor_width": 32.0,
            "focal_length": 35.0,
            "resolution": [
                512,
                512
            ]
        }
    ]
}