{
    "cameras": [
        {
            "name": "Camera",
            "transformation": [
                [
                    -0.9882396459579468,
                    0.037626709789037704,
                    0.14821168780326843,
                    0.22231751680374146
                ],
                [
                    0.15291328728199005,
                    0.2431717813014984,
                    0.9578543901443481,
                    1.4367815256118774
                ],
                [
                    1.2218230871496871e-09,
                    0.9692531824111938,
                    -0.2460656762123108,
                    -0.36909857392311096
                ],
                [
                    0.0,
                    0.0,
                    0.0,
                    1.0
                ]
            ],
            "sensor_width": 32.0,
            "focal_length": 35.0,
            "resolution": [
                512,
                512
            ]
        }
    ]
}