{
    "cameras": [
        {
            "name": "Camera",
            "transformation": [
                [
                    -0.8270702362060547,
                    -0.053548235446214676,
                    -0.5595422387123108,
                    -0.8393133878707886
                ],
                [
                    -0.5620986819267273,
                    0.07879073172807693,
                    0.8233086466789246,
                    1.2349629402160645
                ],
                [
                    3.9297855636277745e-08,
                    0.9954519867897034,
                    -0.09526493400335312,
                    -0.14289726316928864
                ],
                [
                    0.0,
                    0.0,
                    0.0,
                    1.0
                ]
            ],
            "sensor_width": 32.0,
            "focal_length": 35.0,
            "resolution": [
                512,
                512
            ]
        }
    ]
}