{
    "cameras": [
        {
            "name": "Camera",
            "transformation": [
                [
                    0.9740869402885437,
                    0.11400288343429565,
                    -0.19534052908420563,
                    -0.2930108308792114
                ],
                [
                    -0.2261737883090973,
                    0.49098843336105347,
                    -0.8412941098213196,
                    -1.2619411945343018
                ],
                [
                    -1.9862469002873695e-08,
                    0.863674521446228,
                    0.5040498971939087,
                    0.756074845790863
                ],
                [
                    0.0,
                    0.0,
                    0.0,
                    1.0
                ]
            ],
            "sensor_width": 32.0,
            "focal_length": 35.0,
            "resolution": [
                512,
                512
            ]
        }
    ]
}