{
    "cameras": [
        {
            "name": "Camera",
            "transformation": [
                [
                    0.9871367812156677,
                    0.05159423127770424,
                    -0.15132413804531097,
                    -0.22698618471622467
                ],
                [
                    -0.1598779410123825,
                    0.31855902075767517,
                    -0.9343228936195374,
                    -1.4014842510223389
                ],
                [
                    4.491150118468568e-09,
                    0.9464978575706482,
                    0.3227101266384125,
                    0.48406514525413513
                ],
                [
                    0.0,
                    0.0,
                    0.0,
                    1.0
                ]
            ],
            "sensor_width": 32.0,
            "focal_length": 35.0,
            "resolution": [
                512,
                512
            ]
        }
    ]
}