{
    "cameras": [
        {
            "name": "Camera",
            "transformation": [
                [
                    -0.8605798482894897,
                    0.07173670083284378,
                    -0.5042383670806885,
                    -0.7563574910163879
                ],
                [
                    -0.5093157291412354,
                    -0.12121199816465378,
                    0.8520007133483887,
                    1.278001070022583
                ],
                [
                    -7.980796468132212e-09,
                    0.9900311231613159,
                    0.14084915816783905,
                    0.21127401292324066
                ],
                [
                    0.0,
                    0.0,
                    0.0,
                    1.0
                ]
            ],
            "sensor_width": 32.0,
            "focal_length": 35.0,
            "resolution": [
                512,
                512
            ]
        }
    ]
}