{
    "cameras": [
        {
            "name": "Camera",
            "transformation": [
                [
                    -0.27348631620407104,
                    -0.1956602782011032,
                    0.9417656064033508,
                    1.412648320198059
                ],
                [
                    0.9618759751319885,
                    -0.05563128739595413,
                    0.26776835322380066,
                    0.4016524851322174
                ],
                [
                    -7.125676404484693e-08,
                    0.9790926575660706,
                    0.20341520011425018,
                    0.3051230013370514
                ],
                [
                    0.0,
                    0.0,
                    0.0,
                    1.0
                ]
            ],
            "sensor_width": 32.0,
            "focal_length": 35.0,
            "resolution": [
                512,
                512
            ]
        }
    ]
}