{
    "cameras": [
        {
            "name": "Camera",
            "transformation": [
                [
                    -0.4439121186733246,
                    -0.8715348243713379,
                    -0.2082541435956955,
                    -0.3123810291290283
                ],
                [
                    -0.8960707187652588,
                    0.4317565858364105,
                    0.103168785572052,
                    0.1547529697418213
                ],
                [
                    -4.1463632527438676e-08,
                    0.23240822553634644,
                    -0.972618818283081,
                    -1.4589275121688843
                ],
                [
                    0.0,
                    0.0,
                    0.0,
                    1.0
                ]
            ],
            "sensor_width": 32.0,
            "focal_length": 35.0,
            "resolution": [
                512,
                512
            ]
        }
    ]
}