{
    "cameras": [
        {
            "name": "Camera",
            "transformation": [
                [
                    -0.19741977751255035,
                    0.9707621932029724,
                    -0.136552095413208,
                    -0.20482824742794037
                ],
                [
                    -0.9803192019462585,
                    -0.195495143532753,
                    0.027499355375766754,
                    0.041248902678489685
                ],
                [
                    7.841757110327308e-08,
                    0.13929353654384613,
                    0.9902511239051819,
                    1.4853767156600952
                ],
                [
                    0.0,
                    0.0,
                    0.0,
                    1.0
                ]
            ],
            "sensor_width": 32.0,
            "focal_length": 35.0,
            "resolution": [
                512,
                512
            ]
        }
    ]
}