{
    "cameras": [
        {
            "name": "Camera",
            "transformation": [
                [
                    0.5484509468078613,
                    0.1673646718263626,
                    -0.8192622065544128,
                    -1.2288933992385864
                ],
                [
                    -0.836182713508606,
                    0.10977431386709213,
                    -0.5373528003692627,
                    -0.8060291409492493
                ],
                [
                    5.028608640600396e-08,
                    0.9797645807266235,
                    0.20015329122543335,
                    0.30022993683815
                ],
                [
                    0.0,
                    0.0,
                    0.0,
                    1.0
                ]
            ],
            "sensor_width": 32.0,
            "focal_length": 35.0,
            "resolution": [
                512,
                512
            ]
        }
    ]
}