{
    "cameras": [
        {
            "name": "Camera",
            "transformation": [
                [
                    0.9673174619674683,
                    0.13459500670433044,
                    -0.21489804983139038,
                    -0.3223470449447632
                ],
                [
                    -0.25356850028038025,
                    0.5134552121162415,
                    -0.8197968006134033,
                    -1.2296950817108154
                ],
                [
                    -1.8759095610221266e-08,
                    0.8474951386451721,
                    0.5308032631874084,
                    0.7962049245834351
                ],
                [
                    0.0,
                    0.0,
                    0.0,
                    1.0
                ]
            ],
            "sensor_width": 32.0,
            "focal_length": 35.0,
            "resolution": [
                512,
                512
            ]
        }
    ]
}