{
    "cameras": [
        {
            "name": "Camera",
            "transformation": [
                [
                    -0.9988716244697571,
                    0.013513077981770039,
                    -0.04553167149424553,
                    -0.06829750537872314
                ],
                [
                    -0.047494590282440186,
                    -0.28419721126556396,
                    0.957588791847229,
                    1.4363831281661987
                ],
                [
                    5.734248631483752e-10,
                    0.9586706757545471,
                    0.28451818227767944,
                    0.4267773926258087
                ],
                [
                    0.0,
                    0.0,
                    0.0,
                    1.0
                ]
            ],
            "sensor_width": 32.0,
            "focal_length": 35.0,
            "resolution": [
                512,
                512
            ]
        }
    ]
}