{
    "cameras": [
        {
            "name": "Camera",
            "transformation": [
                [
                    -0.4744923710823059,
                    -0.6523615121841431,
                    0.5910003781318665,
                    0.8865005373954773
                ],
                [
                    0.88025963306427,
                    -0.35164690017700195,
                    0.318571001291275,
                    0.47785648703575134
                ],
                [
                    -8.093190118074745e-09,
                    0.6713932752609253,
                    0.7411012649536133,
                    1.11165189743042
                ],
                [
                    0.0,
                    0.0,
                    0.0,
                    1.0
                ]
            ],
            "sensor_width": 32.0,
            "focal_length": 35.0,
            "resolution": [
                512,
                512
            ]
        }
    ]
}