{
    "cameras": [
        {
            "name": "Camera",
            "transformation": [
                [
                    -0.7048549056053162,
                    0.25583645701408386,
                    0.6616097092628479,
                    0.9924145340919495
                ],
                [
                    0.7093515992164612,
                    0.2542145848274231,
                    0.6574156284332275,
                    0.9861233830451965
                ],
                [
                    7.574678662081169e-09,
                    0.9326964616775513,
                    -0.36066246032714844,
                    -0.5409936308860779
                ],
                [
                    0.0,
                    0.0,
                    0.0,
                    1.0
                ]
            ],
            "sensor_width": 32.0,
            "focal_length": 35.0,
            "resolution": [
                512,
                512
            ]
        }
    ]
}