{
    "cameras": [
        {
            "name": "Camera",
            "transformation": [
                [
                    -0.9330406785011292,
                    -0.0873229056596756,
                    0.34901294112205505,
                    0.5235193371772766
                ],
                [
                    0.359771192073822,
                    -0.22646567225456238,
                    0.9051398634910583,
                    1.3577096462249756
                ],
                [
                    -1.3876867654971647e-08,
                    0.970097005367279,
                    0.24271781742572784,
                    0.36407679319381714
                ],
                [
                    0.0,
                    0.0,
                    0.0,
                    1.0
                ]
            ],
            "sensor_width": 32.0,
            "focal_length": 35.0,
            "resolution": [
                512,
                512
            ]
        }
    ]
}