{
    "cameras": [
        {
            "name": "Camera",
            "transformation": [
                [
                    -0.9906948208808899,
                    0.09384187310934067,
                    0.09857818484306335,
                    0.14786727726459503
                ],
                [
                    0.13610273599624634,
                    0.6830769777297974,
                    0.7175527215003967,
                    1.0763291120529175
                ],
                [
                    -2.8284914410647843e-09,
                    0.7242924571037292,
                    -0.6894930005073547,
                    -1.0342392921447754
                ],
                [
                    0.0,
                    0.0,
                    0.0,
                    1.0
                ]
            ],
            "sensor_width": 32.0,
            "focal_length": 35.0,
            "resolution": [
                512,
                512
            ]
        }
    ]
}